exposure days,normalized integration
0,1
7,0.317149
11.5,0.192266
15,0.172151
18,0.19735
23,0.208547
57,0.133614
